row,plot,treatment,rep,flag
2,6,ctrl,1,Pink
1,3,avg,1,BlueBlack
1,1,naa,1,OrangeWhite
1,2,ethephon,1,BlackWhite
2,7,ctrl,2,Pink
1,4,avg,2,BlueBlack
3,13,naa,2,OrangeWhite
1,5,ethephon,2,BlackWhite
2,12,ctrl,3,Pink
2,8,avg,3,BlueBlack
3,14,naa,3,OrangeWhite
2,9,ethephon,3,BlackWhite
3,17,ctrl,4,Pink
2,10,avg,4,BlueBlack
3,15,naa,4,OrangeWhite
2,11,ethephon,4,BlackWhite
3,20,ctrl,5,Pink
3,18,avg,5,BlueBlack
3,16,naa,5,OrangeWhite
3,19,ethephon,5,BlackWhite
